snp,chr,bp,p
rs1000,1,161905,0.111331
rs1001,1,230503,0.275029
rs1002,1,265131,0.139538
rs1003,1,291848,0.676699
rs1004,1,370317,0.545367
rs1005,1,429015,0.421922
rs1006,1,450967,0.093695
rs1007,1,486214,0.505355
rs1008,1,507953,0.561245
rs1009,1,574878,0.649884
rs1010,1,630591,0.41952
rs1011,1,680030,0.589266
rs1012,1,753076,0.8693
rs1013,1,822805,0.805819
rs1014,1,888558,0.422614
rs1015,1,926768,0.155479
rs1016,1,996804,0.336595
rs1017,1,1022882,0.379927
rs1018,1,1066408,0.847494
rs1019,1,1125973,0.264521
rs1020,1,1148820,0.729732
rs1021,1,1203962,0.124826
rs1022,1,1248769,0.0788
rs1023,1,1287982,0.829405
rs1024,1,1348517,0.885452
rs1025,1,1392217,0.577352
rs1026,1,1458391,0.069555
rs1027,1,1521727,0.227898
rs1028,1,1560692,0.985222
rs1029,1,1636746,0.232791
rs1030,1,1663365,0.380126
rs1031,1,1713079,0.635684
rs1032,1,1756988,0.162654
rs1033,1,1800271,0.209507
rs1034,1,1837767,0.70182
rs1035,1,1902563,0.648035
rs1036,1,1962483,0.634978
rs1037,1,2017488,0.729127
rs1038,1,2048196,0.46226
rs1039,1,2085887,0.989523
rs1040,1,2147830,0.688162
rs1041,1,2182222,0.684614
rs1042,1,2257459,0.768314
rs1043,1,2281124,0.229048
rs1044,1,2303227,0.805046
rs1045,1,2349517,0.267741
rs1046,1,2383343,0.913136
rs1047,1,2440513,0.876368
rs1048,1,2481135,0.212627
rs1049,1,2533852,0.395632
rs1050,1,2613787,0.642852
rs1051,1,2643150,0.26488
rs1052,1,2679312,0.744989
rs1053,1,2734634,0.262742
rs1054,1,2792945,0.428434
rs1055,1,2851187,0.399401
rs1056,1,2885560,0.997326
rs1057,1,2914625,0.509526
rs1058,1,2940582,0.755782
rs1059,1,3017015,0.109649
rs1060,1,3078135,0.159982
rs1061,1,3142731,0.42216
rs1062,1,3166894,0.384767
rs1063,1,3225946,0.996121
rs1064,1,3280622,0.251414
rs1065,1,3336878,0.86078
rs1066,1,3357630,0.680283
rs1067,1,3385137,0.68171
rs1068,1,3440327,0.750878
rs1069,1,3510697,0.640962
rs1070,1,3538007,0.2935
rs1071,1,3568372,0.453724
rs1072,1,3635695,0.875853
rs1073,1,3672956,0.971888
rs1074,1,3742891,0.178652
rs2000,2,179809,0.106411
rs2001,2,240788,0.298445
rs2002,2,302662,0.507663
rs2003,2,335697,0.152839
rs2004,2,405668,0.161549
rs2005,2,476696,0.922434
rs2006,2,496733,0.598945
rs2007,2,548754,0.019477
rs2008,2,592542,0.878722
rs2009,2,667046,0.806775
rs2010,2,702738,0.057925
rs2011,2,780279,0.567357
rs2012,2,805440,0.085653
rs2013,2,857289,0.816023
rs2014,2,927135,0.532706
rs2015,2,955376,0.128391
rs2016,2,1006524,0.946849
rs2017,2,1037345,0.265057
rs2018,2,1114520,0.606594
rs2019,2,1148400,0.928913
rs2020,2,1217897,0.729931
rs2021,2,1251079,0.712949
rs2022,2,1297227,0.995149
rs2023,2,1359817,0.373421
rs2024,2,1438774,0.517576
rs2025,2,1466704,0.247906
rs2026,2,1490900,0.338086
rs2027,2,1549455,0.553922
rs2028,2,1608019,0.220217
rs2029,2,1632671,0.707841
rs2030,2,1656529,0.228942
rs2031,2,1735866,0.031413
rs2032,2,1777520,0.070857
rs2033,2,1813117,0.278477
rs2034,2,1864929,0.214237
rs2035,2,1893600,0.723353
rs2036,2,1971427,0.571043
rs2037,2,2022403,0.242997
rs2038,2,2073399,0.807497
rs2039,2,2105877,0.094326
rs2040,2,2169064,0.431051
rs2041,2,2216823,0.411102
rs2042,2,2293435,0.729076
rs2043,2,2357564,0.653455
rs2044,2,2419912,0.098418
rs2045,2,2466298,0.728214
rs2046,2,2538765,0.861673
rs2047,2,2575060,0.19159
rs2048,2,2630206,0.448614
rs2049,2,2677854,0.183488
rs2050,2,2728172,0.249806
rs2051,2,2753112,0.443131
rs2052,2,2829561,0.855967
rs2053,2,2855977,0.050588
rs2054,2,2911404,0.836028
rs2055,2,2937516,0.926367
rs2056,2,3013136,0.236379
rs2057,2,3059770,0.485641
rs2058,2,3093778,0.86465
rs2059,2,3172920,0.058635
rs2060,2,3217756,0.002155
rs2061,2,3263342,0.265203
rs2062,2,3334726,0.785129
rs2063,2,3373420,0.423007
rs2064,2,3441294,0.995423
rs2065,2,3497716,0.661871
rs2066,2,3549610,0.154797
rs2067,2,3589055,0.217701
rs2068,2,3612887,0.57918
rs2069,2,3668420,0.060958
rs2070,2,3708972,0.057165
rs2071,2,3767256,0.476789
rs2072,2,3843139,0.531126
rs2073,2,3866866,0.960779
rs2074,2,3892116,0.851343
rs3000,3,124490,0.595035
rs3001,3,188740,0.861819
rs3002,3,235201,0.119887
rs3003,3,313546,0.569675
rs3004,3,371486,0.594519
rs3005,3,432077,0.081983
rs3006,3,495158,0.583672
rs3007,3,549419,0.31637
rs3008,3,586508,0.204259
rs3009,3,653444,0.314184
rs3010,3,690851,0.395786
rs3011,3,754870,0.645501
rs3012,3,804834,0.316177
rs3013,3,874108,0.935734
rs3014,3,894718,0.458286
rs3015,3,951614,0.996096
rs3016,3,976415,0.537634
rs3017,3,1029568,0.2652
rs3018,3,1072440,0.880864
rs3019,3,1150063,0.244284
rs3020,3,1188739,0.157747
rs3021,3,1263379,0.543218
rs3022,3,1303204,0.611678
rs3023,3,1376098,0.653976
rs3024,3,1396610,0.667863
rs3025,3,1452956,0.299379
rs3026,3,1516431,0.103587
rs3027,3,1593979,0.134291
rs3028,3,1621543,0.889713
rs3029,3,1690198,0.553224
rs3030,3,1728046,0.281756
rs3031,3,1761849,0.717612
rs3032,3,1795191,0.687497
rs3033,3,1871087,0.263984
rs3034,3,1923103,0.251121
rs3035,3,2002620,0.846104
rs3036,3,2028668,0.634284
rs3037,3,2103020,0.27668
rs3038,3,2123252,0.333557
rs3039,3,2151825,0.637113
rs3040,3,2188992,0.161582
rs3041,3,2237948,0.55168
rs3042,3,2285976,0.560907
rs3043,3,2313307,0.075244
rs3044,3,2391182,0.69102
rs3045,3,2420950,0.54559
rs3046,3,2495646,0.369216
rs3047,3,2551856,0.148094
rs3048,3,2580208,0.041829
rs3049,3,2624105,0.898981
rs3050,3,2696279,0.972196
rs3051,3,2718893,0.898925
rs3052,3,2752660,0.682067
rs3053,3,2816368,0.102794
rs3054,3,2887493,0.559884
rs3055,3,2964818,0.406377
rs3056,3,3025493,0.749478
rs3057,3,3061007,0.864606
rs3058,3,3133428,0.810772
rs3059,3,3211192,0.412294
rs3060,3,3242946,0.736564
rs3061,3,3284716,0.782386
rs3062,3,3331698,0.802235
rs3063,3,3408325,0.735058
rs3064,3,3444588,0.266806
rs3065,3,3516189,0.701278
rs3066,3,3561259,0.872167
rs3067,3,3637527,0.47069
rs3068,3,3670606,0.816587
rs3069,3,3720772,0.349658
rs3070,3,3794546,0.795345
rs3071,3,3829461,0.222924
rs3072,3,3892716,0.19313
rs3073,3,3934228,0.278603
rs3074,3,3958777,0.966889
rs4000,4,138292,0.351146
rs4001,4,191676,0.399678
rs4002,4,266966,0.536216
rs4003,4,288774,0.115342
rs4004,4,325892,0.178568
rs4005,4,363289,0.038257
rs4006,4,422385,0.434564
rs4007,4,490130,0.786428
rs4008,4,538729,0.606209
rs4009,4,592245,0.115646
rs4010,4,671194,0.576588
rs4011,4,707887,0.044387
rs4012,4,756464,0.001691
rs4013,4,829319,0.538452
rs4014,4,896467,0.940263
rs4015,4,964769,0.670629
rs4016,4,1008638,0.431297
rs4017,4,1072169,0.920771
rs4018,4,1133008,0.313916
rs4019,4,1208583,0.124625
rs4020,4,1287568,0.300322
rs4021,4,1327837,0.666893
rs4022,4,1369213,0.4024
rs4023,4,1408589,0.554412
rs4024,4,1441161,0.420446
rs4025,4,1486008,0.677318
rs4026,4,1565174,0.174027
rs4027,4,1622470,0.30095
rs4028,4,1678379,0.833725
rs4029,4,1718293,0.286914
rs4030,4,1766466,0.785759
rs4031,4,1826224,0.654706
rs4032,4,1876697,0.441786
rs4033,4,1940974,0.213701
rs4034,4,1991984,0.793735
rs4035,4,2064152,0.735961
rs4036,4,2127330,0.084796
rs4037,4,2181110,0.663854
rs4038,4,2241693,0.335188
rs4039,4,2315329,0.952
rs4040,4,2350721,0.672796
rs4041,4,2385443,0.806563
rs4042,4,2415099,0.024425
rs4043,4,2451145,0.983936
rs4044,4,2511205,0.849738
rs4045,4,2535977,0.455416
rs4046,4,2614050,0.629765
rs4047,4,2646792,0.718346
rs4048,4,2691956,0.494377
rs4049,4,2727945,0.147571
rs4050,4,2793009,0.005545
rs4051,4,2862224,0.860441
rs4052,4,2940253,0.106587
rs4053,4,2988115,0.218841
rs4054,4,3060813,0.957966
rs4055,4,3114757,0.46455
rs4056,4,3171287,0.249198
rs4057,4,3246883,0.121359
rs4058,4,3275621,0.801417
rs4059,4,3339371,0.531132
rs4060,4,3396000,0.595452
rs4061,4,3465496,0.891426
rs4062,4,3525646,0.815007
rs4063,4,3604105,0.504778
rs4064,4,3678537,0.906855
rs4065,4,3727760,0.897208
rs4066,4,3796496,0.861495
rs4067,4,3845991,0.259192
rs4068,4,3882194,0.839863
rs4069,4,3920367,0.765814
rs4070,4,3974530,0.484597
rs4071,4,4010209,0.274597
rs4072,4,4035286,0.713545
rs4073,4,4070653,0.271715
rs4074,4,4111605,0.893027
rs1042,1,2500000,3.1e-09
rs2087,2,4100000,7.8e-09
rs2088,2,4105000,2.2e-07
rs3150,3,1900000,4.5e-06
